{
  "name": "angular-animate",
  "version": "1.3.8",
  "main": "./angular-animate.js",
  "ignore": [],
  "dependencies": {
    "angular": "1.3.8"
  },
  "homepage": "https://github.com/angular/bower-angular-animate",
  "_release": "1.3.8",
  "_resolution": {
    "type": "version",
    "tag": "v1.3.8",
    "commit": "673c705af49bb71c0b81c31b446b2f636cecd990"
  },
  "_source": "git://github.com/angular/bower-angular-animate.git",
  "_target": "~1.3.8",
  "_originalSource": "angular-animate",
  "_direct": true
}