{
  "name": "angular-route",
  "version": "1.3.8",
  "main": "./angular-route.js",
  "ignore": [],
  "dependencies": {
    "angular": "1.3.8"
  },
  "homepage": "https://github.com/angular/bower-angular-route",
  "_release": "1.3.8",
  "_resolution": {
    "type": "version",
    "tag": "v1.3.8",
    "commit": "b1cdc8bf8349ad5e317f4473f2bd3ae6fce0c7a5"
  },
  "_source": "git://github.com/angular/bower-angular-route.git",
  "_target": "~1.3.8",
  "_originalSource": "angular-route",
  "_direct": true
}